{"cameraMode":{"drawMode":0,"name":"Shaded","section":"Shading Mode"},"sceneLighting":false,"audioPlay":false,"sceneViewState":{"showFog":true,"showMaterialUpdate":false,"showSkybox":false,"showFlares":true,"showImageEffects":true,"showParticleSystems":true},"in2DMode":false,"pivot":{"x":1.5096817016601563,"y":2.628706932067871,"z":0.29044342041015627},"rotation":{"x":0.14751774072647096,"y":-0.7166008949279785,"z":0.1594928354024887,"w":0.6627911329269409},"size":28.578840255737306,"orthographic":false}