{"cameraMode":{"drawMode":0,"name":"Shaded","section":"Shading Mode"},"sceneLighting":true,"audioPlay":false,"sceneViewState":{"showFog":true,"showMaterialUpdate":false,"showSkybox":true,"showFlares":true,"showImageEffects":true,"showParticleSystems":true},"in2DMode":false,"pivot":{"x":111.64042663574219,"y":5.917716979980469,"z":66.50856018066406},"rotation":{"x":0.1536477655172348,"y":0.1467597633600235,"z":-0.0230726208537817,"w":0.9769089221954346},"size":347.1775817871094,"orthographic":false}