{"cameraMode":{"drawMode":0,"name":"Shaded","section":"Shading Mode"},"sceneLighting":true,"audioPlay":false,"sceneViewState":{"showFog":true,"showMaterialUpdate":false,"showSkybox":true,"showFlares":true,"showImageEffects":true,"showParticleSystems":true},"in2DMode":false,"pivot":{"x":-37.00990676879883,"y":-36.013206481933597,"z":93.9925765991211},"rotation":{"x":0.1579238623380661,"y":-0.20080015063285829,"z":0.03281409665942192,"w":0.9662893414497376},"size":116.385986328125,"orthographic":false}