{"cameraMode":{"drawMode":0,"name":"Shaded","section":"Shading Mode"},"sceneLighting":true,"audioPlay":false,"sceneViewState":{"showFog":true,"showMaterialUpdate":false,"showSkybox":true,"showFlares":true,"showImageEffects":true,"showParticleSystems":true},"in2DMode":false,"pivot":{"x":194.7315673828125,"y":-20.040834426879884,"z":217.3592071533203},"rotation":{"x":0.08075863867998123,"y":0.8951148986816406,"z":-0.18098004162311555,"w":0.3993934094905853},"size":327.5758056640625,"orthographic":false}