{"cameraMode":{"drawMode":0,"name":"Shaded","section":"Shading Mode"},"sceneLighting":true,"audioPlay":false,"sceneViewState":{"showFog":true,"showMaterialUpdate":false,"showSkybox":true,"showFlares":true,"showImageEffects":true,"showParticleSystems":true},"in2DMode":false,"pivot":{"x":84.13541412353516,"y":26.245424270629884,"z":121.55553436279297},"rotation":{"x":-0.022229637950658799,"y":0.919255793094635,"z":-0.052453234791755679,"w":-0.3895384967327118},"size":126.207763671875,"orthographic":false}